Unnamed: 0,Date,Open,High,Low,Close,Volume,Dividends,Stock Splits,Datetime,SMA_Close,Return
20,2023-08-22 00:00:00-04:00,323.65728950976444,324.233992680061,319.6401521357377,320.6344909667969,16102000,0.0,0.0,2023-08-22 00:00:00-04:00,324.0041030883789,-0.07931303143640223
21,2023-08-23 00:00:00-04:00,321.9868134530176,327.33636131725456,321.62883568797776,325.1488037109375,21166400,0.0,0.0,2023-08-23 00:00:00-04:00,323.50413208007814,-0.029835814286418016
22,2023-08-24 00:00:00-04:00,330.96572071411015,331.0949896308817,318.14867727139864,318.1586303710937,23281400,0.0,0.0,2023-08-24 00:00:00-04:00,323.0044143676758,-0.030456386857631412
23,2023-08-25 00:00:00-04:00,319.6500890238733,323.51805110123365,316.9951911278663,321.15155029296875,21684100,0.0,0.0,2023-08-25 00:00:00-04:00,322.2748138427734,-0.043461773216641686
24,2023-08-28 00:00:00-04:00,323.8163882937044,324.30360461198194,319.89869086049947,321.86749267578125,14808500,0.0,0.0,2023-08-28 00:00:00-04:00,321.702555847168,-0.034337610118450046
25,2023-08-29 00:00:00-04:00,320.0577805613344,327.11759217122443,320.0577805613344,326.5508117675781,19284600,0.0,0.0,2023-08-29 00:00:00-04:00,321.34362945556643,-0.021510029177068013
26,2023-08-30 00:00:00-04:00,326.80933410612903,327.94286451497976,324.60190084172416,326.9286499023437,15222100,0.0,0.0,2023-08-30 00:00:00-04:00,321.4421646118164,0.006064486634482336
27,2023-08-31 00:00:00-04:00,327.33636086660795,329.0366717999692,324.930047502972,325.9045104980469,26411000,0.0,0.0,2023-08-31 00:00:00-04:00,321.5311645507812,0.005491712952710559
28,2023-09-01 00:00:00-04:00,329.4343998254007,330.1105429562522,324.93004607796047,326.7994079589844,14931200,0.0,0.0,2023-09-01 00:00:00-04:00,321.6093460083008,0.004807678774206847
29,2023-09-05 00:00:00-04:00,327.13748299826364,332.95437136370003,326.7994114292479,331.6617126464844,18553900,0.0,0.0,2023-09-05 00:00:00-04:00,321.81504516601564,0.012559950150394794
30,2023-09-06 00:00:00-04:00,331.49271389342675,332.5665865749472,328.31081721256925,330.9955444335937,17535800,0.0,0.0,2023-09-06 00:00:00-04:00,322.1888626098633,0.023109444446068883
31,2023-09-07 00:00:00-04:00,329.4145203249188,331.19436498687946,327.1673048530642,328.0423278808594,18381000,0.0,0.0,2023-09-07 00:00:00-04:00,322.60453338623046,0.02600145062311987
32,2023-09-08 00:00:00-04:00,328.22129555095245,334.25693943614147,327.59485724281154,332.37762451171875,19530100,0.0,0.0,2023-09-08 00:00:00-04:00,323.2022445678711,0.03730758615014573
33,2023-09-11 00:00:00-04:00,335.3308366273242,336.5041795763435,333.53108566897896,336.0268859863281,16583300,0.0,0.0,2023-09-11 00:00:00-04:00,324.07767181396486,0.054968718169771336
34,2023-09-12 00:00:00-04:00,333.9188751603195,334.88338504495124,329.6034482538183,329.89178466796875,17565500,0.0,0.0,2023-09-12 00:00:00-04:00,324.4960189819336,0.02602269649001898
35,2023-09-13 00:00:00-04:00,329.43439182854286,334.9430373845784,329.2952001731291,334.1575012207031,16544400,0.0,0.0,2023-09-13 00:00:00-04:00,325.23580780029295,0.046329209844961916
36,2023-09-14 00:00:00-04:00,337.2299965070563,338.9303073512284,334.66461576575824,336.7825622558594,20267000,0.0,0.0,2023-09-14 00:00:00-04:00,326.1456283569336,0.05711613975895813
37,2023-09-15 00:00:00-04:00,335.0126374299956,335.4899006270224,327.783775028641,328.3505554199219,37666900,0.0,0.0,2023-09-15 00:00:00-04:00,326.80885009765626,0.04209780738346769
38,2023-09-18 00:00:00-04:00,325.9442364773031,328.52952334675217,324.5123862217563,327.1971130371094,16834200,0.0,0.0,2023-09-18 00:00:00-04:00,327.43428802490234,0.03974967095654769
39,2023-09-19 00:00:00-04:00,324.3235182842558,327.5252906170438,322.6729121405388,326.7894592285156,16505900,0.0,0.0,2023-09-19 00:00:00-04:00,327.7708709716797,0.021032635134606847
40,2023-09-20 00:00:00-04:00,327.6446448241952,327.72417859034493,318.6955940639006,318.9541015625,21436500,0.0,0.0,2023-09-20 00:00:00-04:00,327.68685150146484,-0.005240825462133114
41,2023-09-21 00:00:00-04:00,317.45263928111274,323.50815939493765,313.21674595875845,317.7210998535156,35529500,0.0,0.0,2023-09-21 00:00:00-04:00,327.3154663085937,-0.022844014102617494
42,2023-09-22 00:00:00-04:00,319.5009604831682,319.6302293863778,314.3602153748025,315.2153625488281,21447900,0.0,0.0,2023-09-22 00:00:00-04:00,327.16830291748045,-0.009250944470161282
43,2023-09-25 00:00:00-04:00,314.7977365490338,315.8716395126455,313.2167414004852,315.74237060546875,17836000,0.0,0.0,2023-09-25 00:00:00-04:00,326.8978439331055,-0.01684307512314831
44,2023-09-26 00:00:00-04:00,313.3460188895013,314.09177305611746,308.2649313883196,310.3729553222656,26297600,0.0,0.0,2023-09-26 00:00:00-04:00,326.3231170654297,-0.0357120169482108
45,2023-09-27 00:00:00-04:00,310.5319794523021,312.5206569520795,307.93676988060184,311.01922607421875,19410100,0.0,0.0,2023-09-27 00:00:00-04:00,325.5465377807617,-0.04756253891787576
46,2023-09-28 00:00:00-04:00,309.22941877885506,313.69402069863094,307.6981588499782,311.86444091796875,19683600,0.0,0.0,2023-09-28 00:00:00-04:00,324.79332733154297,-0.04607797141325709
47,2023-09-29 00:00:00-04:00,315.9511716092095,317.6614356559457,313.19686390121814,313.9624938964844,24140300,0.0,0.0,2023-09-29 00:00:00-04:00,324.1962265014648,-0.03664268586928343
48,2023-10-02 00:00:00-04:00,314.4895012472444,320.067758169859,313.39572240508323,319.9782409667969,20570000,0.0,0.0,2023-10-02 00:00:00-04:00,323.8551681518555,-0.020872641828786898
49,2023-10-03 00:00:00-04:00,319.01369733008727,319.5705549639294,309.44816312482334,311.6158447265625,21033500,0.0,0.0,2023-10-03 00:00:00-04:00,322.8528747558594,-0.06044070556099612
50,2023-10-04 00:00:00-04:00,312.25224389299933,318.2282303988432,312.22241493975946,317.1543273925781,20720100,0.0,0.0,2023-10-04 00:00:00-04:00,322.1608139038086,-0.04181692857739505
51,2023-10-05 00:00:00-04:00,317.283602403962,318.16857860844794,313.11731990075555,317.55206298828125,16965600,0.0,0.0,2023-10-05 00:00:00-04:00,321.6363006591797,-0.03197838815601883
52,2023-10-06 00:00:00-04:00,314.75795747616866,327.3264153710813,314.5093727584194,325.4073486328125,25645500,0.0,0.0,2023-10-06 00:00:00-04:00,321.28778686523435,-0.020970954013965204
53,2023-10-09 00:00:00-04:00,322.9115450349395,328.43011357428543,321.35042574077585,327.9528503417969,19891200,0.0,0.0,2023-10-09 00:00:00-04:00,320.8840850830078,-0.024027945325957534
54,2023-10-10 00:00:00-04:00,329.0863725699347,329.2255945724444,325.81501964871524,326.53094482421875,20557100,0.0,0.0,2023-10-10 00:00:00-04:00,320.71604309082034,-0.010187703968234985
55,2023-10-11 00:00:00-04:00,329.3349750681917,330.9358764594612,327.27671662915185,330.53814697265625,20063200,0.0,0.0,2023-10-11 00:00:00-04:00,320.535075378418,-0.010831282358843008
56,2023-10-12 00:00:00-04:00,328.6986220025752,331.7412966510787,326.85908894316634,329.2852783203125,19313100,0.0,0.0,2023-10-12 00:00:00-04:00,320.16021118164065,-0.02226149681066636
57,2023-10-13 00:00:00-04:00,330.4983645863832,331.94013776769543,324.51242505744653,325.87469482421875,21072400,0.0,0.0,2023-10-13 00:00:00-04:00,320.03641815185546,-0.007540296658054335
58,2023-10-16 00:00:00-04:00,329.1758714626199,334.23708302492,328.72843717707457,330.75689697265625,22158000,0.0,0.0,2023-10-16 00:00:00-04:00,320.2144073486328,0.010879631248895238
59,2023-10-17 00:00:00-04:00,327.7241271710099,331.57221353900786,325.55647583192865,330.1801452636719,18338500,0.0,0.0,2023-10-17 00:00:00-04:00,320.3839416503906,0.01037575092893439
60,2023-10-18 00:00:00-04:00,330.60774245559253,333.69019921995834,326.4414598945438,328.2412109375,23153600,0.0,0.0,2023-10-18 00:00:00-04:00,320.8482971191406,0.02911738500776151
61,2023-10-19 00:00:00-04:00,330.26962378336657,334.97285719493374,329.0366533912921,329.4443359375,25052100,0.0,0.0,2023-10-19 00:00:00-04:00,321.43445892333983,0.03689788336182054
62,2023-10-20 00:00:00-04:00,329.8420776608504,330.0409575646305,323.60758412542964,324.8206787109375,25012600,0.0,0.0,2023-10-20 00:00:00-04:00,321.9147247314453,0.03047223360067508
63,2023-10-23 00:00:00-04:00,323.6274475443902,330.84635687792144,322.55357500174824,327.4556579589844,24374700,0.0,0.0,2023-10-23 00:00:00-04:00,322.5003890991211,0.03709761008968848
64,2023-10-24 00:00:00-04:00,329.42447404302027,329.96142555960404,325.74543822374164,328.6588439941406,31153600,0.0,0.0,2023-10-24 00:00:00-04:00,323.41468353271483,0.05891585706263758
65,2023-10-25 00:00:00-04:00,343.0668051278949,344.240148121963,335.7087031486725,338.741455078125,55053800,0.0,0.0,2023-10-25 00:00:00-04:00,324.80079498291013,0.08913348976468383
66,2023-10-26 00:00:00-04:00,338.6121634531295,339.6959891677825,325.0891489052524,326.0337829589844,37828500,0.0,0.0,2023-10-26 00:00:00-04:00,325.50926208496094,0.045434298310215615
67,2023-10-27 00:00:00-04:00,328.5593868580472,334.81378687215005,326.5408801575892,327.9429016113281,29856500,0.0,0.0,2023-10-27 00:00:00-04:00,326.2082824707031,0.044528910257201515
68,2023-10-30 00:00:00-04:00,331.5225360222556,337.52835146994653,329.95146356842974,335.40045166015625,22828100,0.0,0.0,2023-10-30 00:00:00-04:00,326.9793930053711,0.04819768571375982
69,2023-10-31 00:00:00-04:00,336.9317542981656,337.0808990694986,332.7953006859053,336.1959228515625,20265300,0.0,0.0,2023-10-31 00:00:00-04:00,328.2083969116211,0.07887942330586117
70,2023-11-01 00:00:00-04:00,337.8663933201395,345.45320330849177,337.7271713209932,344.11083984375,28158800,0.0,0.0,2023-11-01 00:00:00-04:00,329.5562225341797,0.08499493818290138
71,2023-11-02 00:00:00-04:00,345.2742110672306,346.8552061905009,342.81819290458253,346.3481140136719,24348100,0.0,0.0,2023-11-02 00:00:00-04:00,330.9960250854492,0.0906813539625888
72,2023-11-03 00:00:00-04:00,347.6507274548739,352.3837905061028,345.3637296925132,350.8027648925781,23624000,0.0,0.0,2023-11-03 00:00:00-04:00,332.2657958984375,0.07804192611649241
73,2023-11-06 00:00:00-05:00,351.4490769063558,355.515919141065,351.34963695289224,354.5116271972656,23828300,0.0,0.0,2023-11-06 00:00:00-05:00,333.59373474121094,0.08098352195380776
74,2023-11-07 00:00:00-05:00,357.36540582438533,360.4080805264429,355.60543684019626,358.489013671875,25833900,0.0,0.0,2023-11-07 00:00:00-05:00,335.19163818359374,0.09787148616147312
75,2023-11-08 00:00:00-05:00,359.6324454851609,361.8100498580061,358.50883779978824,361.1438598632813,26767800,0.0,0.0,2023-11-08 00:00:00-05:00,336.721923828125,0.09259358767191528
76,2023-11-09 00:00:00-05:00,360.2489422231975,362.7248665186119,358.3199224854812,358.6480712890625,24847300,0.0,0.0,2023-11-09 00:00:00-05:00,338.1900634765625,0.08917128976591338
77,2023-11-10 00:00:00-05:00,359.44352549012945,368.0047983943206,359.0259201844492,367.5772399902344,28042100,0.0,0.0,2023-11-10 00:00:00-05:00,340.27519073486326,0.12797110615941065
78,2023-11-13 00:00:00-05:00,366.1354161498285,366.3840008376076,363.8285429644842,364.6041259765625,19986500,0.0,0.0,2023-11-13 00:00:00-05:00,341.9675521850586,0.10233264767477968
79,2023-11-14 00:00:00-05:00,368.90965949460224,369.8443404235678,365.270375730828,368.173828125,27683900,0.0,0.0,2023-11-14 00:00:00-05:00,343.867236328125,0.11506955644164352
80,2023-11-15 00:00:00-05:00,369.927423387365,371.7706899069042,365.7726013450135,368.32330322265625,26860100,0.75,0.0,2023-11-15 00:00:00-05:00,345.8713409423828,0.12211170002290861
81,2023-11-16 00:00:00-05:00,369.6086098764684,374.97898907452816,368.83145257874895,374.7996520996094,27182300,0.0,0.0,2023-11-16 00:00:00-05:00,348.1391067504883,0.13767216860184206
82,2023-11-17 00:00:00-05:00,372.2489368000008,373.006177875732,365.6630314017086,368.5026550292969,40157000,0.0,0.0,2023-11-17 00:00:00-05:00,350.3232055664063,0.13448028152552616
83,2023-11-20 00:00:00-05:00,369.8676604556097,377.4897857066415,369.6484606912348,376.0650024414063,52465100,0.0,0.0,2023-11-20 00:00:00-05:00,352.75367279052733,0.1484455782056162
84,2023-11-21 00:00:00-05:00,374.3014719500224,374.849456173156,369.768029060882,371.7109375,28423100,0.0,0.0,2023-11-21 00:00:00-05:00,354.9062774658203,0.1309932603141113
85,2023-11-22 00:00:00-05:00,376.6229582157544,378.4064458173944,373.60399762409054,376.4735107421875,23345300,0.0,0.0,2023-11-22 00:00:00-05:00,356.7928802490234,0.11138895195263365
86,2023-11-24 00:00:00-05:00,375.9553509004722,376.5930339373296,373.7733571751277,376.0549926757813,10176600,0.0,0.0,2023-11-24 00:00:00-05:00,359.29394073486327,0.15342339454157017
87,2023-11-27 00:00:00-05:00,375.40739294148256,379.2533468106943,374.8295192546077,377.230712890625,22179200,0.0,0.0,2023-11-27 00:00:00-05:00,361.7583312988281,0.1502938805417775
88,2023-11-28 00:00:00-05:00,376.9716578397609,381.6047115726129,376.7823475868864,381.3058166503906,20453100,0.0,0.0,2023-11-28 00:00:00-05:00,364.05359954833983,0.13686733205937318
89,2023-11-29 00:00:00-05:00,382.3619959752693,382.900006896324,376.0650120437168,377.4698791503906,28963400,0.0,0.0,2023-11-29 00:00:00-05:00,366.1172973632813,0.12276756942424738
90,2023-11-30 00:00:00-05:00,377.1111492517042,378.7053265247488,374.1021620735543,377.5296325683594,30554400,0.0,0.0,2023-11-30 00:00:00-05:00,367.7882369995117,0.09711636151823577
91,2023-12-01 00:00:00-05:00,375.3874942948421,376.78238809250456,369.957336174965,373.1456909179688,33020400,0.0,0.0,2023-12-01 00:00:00-05:00,369.12811584472655,0.07737179970103458
92,2023-12-04 00:00:00-05:00,367.75536425812913,368.1738171585699,361.5779388723323,367.7952270507813,32063300,0.0,0.0,2023-12-04 00:00:00-05:00,369.9777389526368,0.04843879199015588
93,2023-12-05 00:00:00-05:00,365.1150388834657,371.7208603257401,364.2880455366595,371.1629028320313,23065000,0.0,0.0,2023-12-05 00:00:00-05:00,370.810302734375,0.0469696177990242
94,2023-12-06 00:00:00-05:00,372.179235207606,372.8168879326677,366.6892979220525,367.45648193359375,21182100,0.0,0.0,2023-12-06 00:00:00-05:00,371.25867614746096,0.02501462505048102
95,2023-12-07 00:00:00-05:00,366.888570912378,370.0968418597553,364.98552528024254,369.5986633300781,23118900,0.0,0.0,2023-12-07 00:00:00-05:00,371.6814163208008,0.023411178775121888
96,2023-12-08 00:00:00-05:00,367.8550246152953,373.0958418736685,366.8885570878822,372.86669921875,20144800,0.0,0.0,2023-12-08 00:00:00-05:00,372.39234771728513,0.03964507010614193
97,2023-12-11 00:00:00-05:00,367.1376534308522,370.2462825338904,364.7663188081386,369.9473571777344,27708800,0.0,0.0,2023-12-11 00:00:00-05:00,372.51085357666017,0.006447943261021827
98,2023-12-12 00:00:00-05:00,369.49900475535793,373.0560065931844,369.1104109247906,373.0161437988281,24838300,0.0,0.0,2023-12-12 00:00:00-05:00,372.9314544677735,0.02307164736475409
99,2023-12-13 00:00:00-05:00,374.6501475165293,376.26427139499,369.4192732759839,373.0061645507813,30955500,0.0,0.0,2023-12-13 00:00:00-05:00,373.1730712890625,0.013125149200286623
100,2023-12-14 00:00:00-05:00,371.95004363783136,372.3984164677515,362.803493321252,364.596923828125,43277500,0.0,0.0,2023-12-14 00:00:00-05:00,372.986752319336,-0.010117142635090337
101,2023-12-15 00:00:00-05:00,365.5135853947542,371.0433547919304,364.9456545856767,369.3794555664063,78478200,0.0,0.0,2023-12-15 00:00:00-05:00,372.71574249267576,-0.01446158368301409
102,2023-12-18 00:00:00-05:00,368.10409536790144,371.6411504549793,367.3368810395729,371.29241943359375,21802900,0.0,0.0,2023-12-18 00:00:00-05:00,372.8552307128906,0.007570540852887664
103,2023-12-19 00:00:00-05:00,370.1366362454512,371.9002075195313,368.4926533475945,371.9002075195313,20603700,0.0,0.0,2023-12-19 00:00:00-05:00,372.64699096679686,-0.011074667663401927
104,2023-12-20 00:00:00-05:00,373.6338850684048,374.6601315898032,369.1801679421332,369.2698364257813,26316700,0.0,0.0,2023-12-20 00:00:00-05:00,372.5249359130859,-0.006567202704974684
105,2023-12-21 00:00:00-05:00,371.2027584205127,373.0460249365637,368.69194974756255,372.17919921875,17708000,0.0,0.0,2023-12-21 00:00:00-05:00,372.3102203369141,-0.011406676435140484
106,2023-12-22 00:00:00-05:00,372.3187082886128,373.8132439163671,371.3522406997422,373.2154235839844,17091100,0.0,0.0,2023-12-22 00:00:00-05:00,372.1682418823242,-0.00755094107803822
107,2023-12-26 00:00:00-05:00,373.6338932458213,375.5668283527253,372.139357672838,373.2951354980469,12673100,0.0,0.0,2023-12-26 00:00:00-05:00,371.9714630126953,-0.010432812753820575
108,2023-12-27 00:00:00-05:00,372.3286548604165,373.6936591040817,371.4518558233871,372.707275390625,14905400,0.0,0.0,2023-12-27 00:00:00-05:00,371.5415359497071,-0.02255024939115835
109,2023-12-28 00:00:00-05:00,374.00251027524166,375.0885357217738,372.796926857554,373.912841796875,14327000,0.0,0.0,2023-12-28 00:00:00-05:00,371.3636840820312,-0.009423367399597038
110,2023-12-29 00:00:00-05:00,374.630211671261,375.7859893773128,372.11940311381113,374.6700744628906,18723000,0.0,0.0,2023-12-29 00:00:00-05:00,371.2207061767578,-0.007574393792654011
111,2024-01-02 00:00:00-05:00,372.49801864009765,374.5305954623476,365.43385105996384,369.5189208984375,25258600,0.0,0.0,2024-01-02 00:00:00-05:00,371.0393676757813,-0.009719447679026327
112,2024-01-03 00:00:00-05:00,367.6657044739025,371.90022170287017,367.1675259763769,369.2499084472656,23083500,0.0,0.0,2024-01-03 00:00:00-05:00,371.1121017456055,0.003955139407732178
113,2024-01-04 00:00:00-05:00,369.3196442790212,371.74078437158255,365.83239495172,366.5995788574219,20901500,0.0,0.0,2024-01-04 00:00:00-05:00,370.883935546875,-0.012294666141983934
114,2024-01-05 00:00:00-05:00,367.62583504860334,370.7045744590051,365.1648320989654,366.4102783203125,20987000,0.0,0.0,2024-01-05 00:00:00-05:00,370.8316253662109,-0.002847149702669638
115,2024-01-08 00:00:00-05:00,367.9546333036372,373.8331640144909,367.6657116620335,373.3250122070313,23134000,0.0,0.0,2024-01-08 00:00:00-05:00,371.01794281005857,0.010082149224726278
116,2024-01-09 00:00:00-05:00,370.6547921135484,374.6202736719342,369.837772043359,374.4210205078125,20830000,0.0,0.0,2024-01-09 00:00:00-05:00,371.0956588745117,0.00416857094591494
117,2024-01-10 00:00:00-05:00,374.99887074193686,382.7704734099731,374.9490650556245,381.3755493164063,25514200,0.0,0.0,2024-01-10 00:00:00-05:00,371.6670684814453,0.030891400943787506
118,2024-01-11 00:00:00-05:00,384.5938251077712,389.2567688504009,378.9943032963563,383.2288208007813,27850800,0.0,0.0,2024-01-11 00:00:00-05:00,372.17770233154295,0.027378646130289175
119,2024-01-12 00:00:00-05:00,384.085654728996,387.2640360289869,383.24871848789536,387.0548095703125,21645700,0.0,0.0,2024-01-12 00:00:00-05:00,372.88013458251953,0.03766330520689998
120,2024-01-16 00:00:00-05:00,392.2259009146194,392.594548140202,386.2078961109172,388.8482360839844,27202300,0.0,0.0,2024-01-16 00:00:00-05:00,374.0927001953125,0.06651540556412305
121,2024-01-17 00:00:00-05:00,386.5666157174596,388.6888306734322,383.40815051863945,388.0511779785156,22234100,0.0,0.0,2024-01-17 00:00:00-05:00,375.026286315918,0.05054889255678319
122,2024-01-18 00:00:00-05:00,390.2929581989216,392.55467760172,388.69878094646725,392.4351196289063,23392100,0.0,0.0,2024-01-18 00:00:00-05:00,376.0834213256836,0.05694352776597422
123,2024-01-19 00:00:00-05:00,394.3182489009859,397.2176513671875,392.0664723917622,397.2176513671875,29272000,0.0,0.0,2024-01-19 00:00:00-05:00,377.3492935180664,0.06807590675067465
124,2024-01-22 00:00:00-05:00,398.562744398946,399.1605647225327,392.1561757331064,395.0655517578125,27016900,0.0,0.0,2024-01-22 00:00:00-05:00,378.639079284668,0.06985600443759998
125,2024-01-23 00:00:00-05:00,394.3082893401539,397.92507017562633,392.49491227231,397.4468078613281,20525900,0.0,0.0,2024-01-23 00:00:00-05:00,379.9024597167969,0.06789097481970496
126,2024-01-24 00:00:00-05:00,400.077202138336,404.15229865872726,398.99117664666807,401.0934753417969,24867000,0.0,0.0,2024-01-24 00:00:00-05:00,381.2963623046875,0.07469694443519992
127,2024-01-25 00:00:00-05:00,402.8470658663829,405.5272686044704,401.0635783388432,403.3950500488281,21021200,0.0,0.0,2024-01-25 00:00:00-05:00,382.8013580322266,0.08063302113653914
128,2024-01-26 00:00:00-05:00,402.8968956284636,404.6903565631296,400.9639605180638,402.45849609375,17803300,0.0,0.0,2024-01-26 00:00:00-05:00,384.2889190673829,0.07982463093038228
129,2024-01-29 00:00:00-05:00,404.5807162485552,408.4864490216237,402.8570077124404,408.2273864746094,24510200,0.0,0.0,2024-01-29 00:00:00-05:00,386.00464630126953,0.0917715061960227
130,2024-01-30 00:00:00-05:00,410.7581450200405,411.5452451544988,404.96931330411513,407.10150146484375,33477600,0.0,0.0,2024-01-30 00:00:00-05:00,387.6262176513672,0.08655996091613471
131,2024-01-31 00:00:00-05:00,405.4774563026804,413.8070170468435,395.7629750712065,396.1316223144531,47871100,0.0,0.0,2024-01-31 00:00:00-05:00,388.956852722168,0.07201986125990589
132,2024-02-01 00:00:00-05:00,400.3661430887312,406.5136795131276,400.3362535932585,402.3090515136719,30657700,0.0,0.0,2024-02-01 00:00:00-05:00,390.6098098754883,0.0895305382888878
133,2024-02-02 00:00:00-05:00,402.3389148621203,411.146707030406,402.0898256139005,409.721923828125,28245000,0.0,0.0,2024-02-02 00:00:00-05:00,392.76592712402345,0.11762791737268818
134,2024-02-05 00:00:00-05:00,408.4067279404744,409.6621474896679,402.5182544257179,404.1722106933594,25352300,0.0,0.0,2024-02-05 00:00:00-05:00,394.6540237426758,0.1030591514685506
135,2024-02-06 00:00:00-05:00,404.4013806871001,406.4837631511439,401.4421992052691,404.0127868652344,18382600,0.0,0.0,2024-02-06 00:00:00-05:00,396.188412475586,0.0822012285669862
136,2024-02-07 00:00:00-05:00,405.9557204458073,412.7907152400205,405.9158576498608,412.5416259765625,22340500,0.0,0.0,2024-02-07 00:00:00-05:00,398.0944427490234,0.10181214029342822
137,2024-02-08 00:00:00-05:00,412.54160040751873,414.04610919560594,411.0271487258644,412.6013793945313,21225300,0.0,0.0,2024-02-08 00:00:00-05:00,399.6557342529297,0.08187685375765574
138,2024-02-09 00:00:00-05:00,413.7372340115969,419.2869496617994,413.5778132467736,419.0179138183594,22032800,0.0,0.0,2024-02-09 00:00:00-05:00,401.4451889038086,0.09338831286956562
139,2024-02-12 00:00:00-05:00,419.0278719990405,419.2072089505953,413.2390406136733,413.7471923828125,21202900,0.0,0.0,2024-02-12 00:00:00-05:00,402.7798080444337,0.06896279842674602
140,2024-02-13 00:00:00-05:00,403.4648051926135,408.57612145725096,401.9204640083129,404.83978271484375,27824900,0.0,0.0,2024-02-13 00:00:00-05:00,403.5793853759766,0.04112541898584188
141,2024-02-14 00:00:00-05:00,407.3352897899812,409.1020919927128,403.8415914326495,408.7527160644531,20401200,0.75,0.0,2024-02-14 00:00:00-05:00,404.6144622802735,0.053347442968163516
142,2024-02-15 00:00:00-05:00,407.40517526345513,408.39338306094857,403.5621009382895,405.8280029296875,21825500,0.0,0.0,2024-02-15 00:00:00-05:00,405.2841064453125,0.03412763697970189
143,2024-02-16 00:00:00-05:00,407.2254609854372,407.55488388072,402.71361019542087,403.3324890136719,22281100,0.0,0.0,2024-02-16 00:00:00-05:00,405.58984832763673,0.015394174013762196
144,2024-02-20 00:00:00-05:00,402.51396031989606,403.7617097063283,397.2933963831479,402.0647888183594,24307900,0.0,0.0,2024-02-20 00:00:00-05:00,405.939810180664,0.017716647349798942
145,2024-02-21 00:00:00-05:00,399.4495112817143,401.56568936868905,396.50481054244585,401.4558715820313,18631100,0.0,0.0,2024-02-21 00:00:00-05:00,406.1402633666992,0.010087044709897297
146,2024-02-22 00:00:00-05:00,409.4514507524349,412.0866815623282,407.8343724545819,410.9088134765625,27009900,0.0,0.0,2024-02-22 00:00:00-05:00,406.6310302734375,0.02447144802443213
147,2024-02-23 00:00:00-05:00,414.9216169054419,415.11124679274457,408.23366779094334,409.6011962890625,16295900,0.0,0.0,2024-02-23 00:00:00-05:00,406.9413375854492,0.01538478531028864
148,2024-02-26 00:00:00-05:00,410.7191689845332,411.41792083871513,406.6265448299651,406.8062438964844,16193500,0.0,0.0,2024-02-26 00:00:00-05:00,407.1587249755859,0.010802971846621379
149,2024-02-27 00:00:00-05:00,407.2553989143576,407.5848218041096,403.1228688791387,406.746337890625,14835800,0.0,0.0,2024-02-27 00:00:00-05:00,407.08467254638674,-0.003627999083487432
150,2024-02-28 00:00:00-05:00,407.4450641188284,408.56304268349,404.5902281742556,406.9859008789063,13183100,0.0,0.0,2024-02-28 00:00:00-05:00,407.07889251708986,-0.00028396010705311614
151,2024-02-29 00:00:00-05:00,407.90426607674624,413.4542529655189,405.1891621664909,412.895263671875,31947300,0.0,0.0,2024-02-29 00:00:00-05:00,407.9170745849609,0.042318361910816504
152,2024-03-01 00:00:00-05:00,410.52949723992697,415.12122103068015,410.1402152756455,414.75189208984375,17800300,0.0,0.0,2024-03-01 00:00:00-05:00,408.5392166137696,0.030928562331262954
153,2024-03-04 00:00:00-05:00,412.69562732176615,416.59859124551787,411.5776486918427,414.1729736328125,17596000,0.0,0.0,2024-03-04 00:00:00-05:00,408.7617691040039,0.010863587096097582
154,2024-03-05 00:00:00-05:00,413.2146520985426,413.5041384800025,399.918658051461,401.9250183105469,26919200,0.0,0.0,2024-03-05 00:00:00-05:00,408.64940948486327,-0.0055599873602329986
155,2024-03-06 00:00:00-05:00,402.2444482540863,404.43050756631806,397.6727080099208,401.3660278320313,22344100,0.0,0.0,2024-03-06 00:00:00-05:00,408.5170715332032,-0.0065511763965182546
156,2024-03-07 00:00:00-05:00,405.38879918961857,409.04221322352737,401.515780034678,408.40338134765625,18718500,0.0,0.0,2024-03-07 00:00:00-05:00,408.3101593017578,-0.010031095938768053
157,2024-03-08 00:00:00-05:00,407.22547438886056,409.6810671817932,403.6020051972745,405.4886169433594,17971700,0.0,0.0,2024-03-08 00:00:00-05:00,407.9545211791992,-0.017238823732507846
158,2024-03-11 00:00:00-04:00,403.0330455779823,404.949571586061,400.5375467926275,403.7916564941406,16120800,0.0,0.0,2024-03-11 00:00:00-04:00,407.1932083129883,-0.03633796270299605
159,2024-03-12 00:00:00-04:00,406.8860757637264,414.8217739825116,406.05758358137246,414.53228759765625,22457000,0.0,0.0,2024-03-12 00:00:00-04:00,407.23246307373046,0.001897523969461412
160,2024-03-13 00:00:00-04:00,417.347229202486,417.4270717612545,410.70920842660473,414.3526306152344,17115900,0.0,0.0,2024-03-13 00:00:00-04:00,407.70810546875,0.02349780902607379
161,2024-03-14 00:00:00-04:00,419.4833620962516,427.049731617204,417.2374131464856,424.4544067382813,34157300,0.0,0.0,2024-03-14 00:00:00-04:00,408.4931900024414,0.038413666886441655
162,2024-03-15 00:00:00-04:00,418.5350853170581,421.8391232916164,412.04678843633377,415.6702575683594,45049800,0.0,0.0,2024-03-15 00:00:00-04:00,408.985302734375,0.024252280689406103
163,2024-03-18 00:00:00-04:00,413.5041541734389,419.9724980767248,413.03499917711457,416.5686340332031,20106000,0.0,0.0,2024-03-18 00:00:00-04:00,409.6471099853516,0.032816957175702655
164,2024-03-19 00:00:00-04:00,417.0777041899726,420.9108172655698,414.8018104365677,420.6512756347656,19837900,0.0,0.0,2024-03-19 00:00:00-04:00,410.5764343261719,0.046227591505912935
165,2024-03-20 00:00:00-04:00,421.2401906223632,425.1930521280505,419.9026069427274,424.4643859863281,17860100,0.0,0.0,2024-03-20 00:00:00-04:00,411.7268600463867,0.0573126862328015
166,2024-03-21 00:00:00-04:00,429.0560870786449,430.04432531987857,426.3909114143456,428.596923828125,21296200,0.0,0.0,2024-03-21 00:00:00-04:00,412.6112655639648,0.043046315317282424
167,2024-03-22 00:00:00-04:00,428.9263415582329,429.0860266726897,425.3028724635354,427.9680480957031,17636500,0.0,0.0,2024-03-22 00:00:00-04:00,413.52960815429685,0.04484081583023225
168,2024-03-25 00:00:00-04:00,424.4743525351572,426.6404588889421,420.8508834172079,422.0986328125,18060500,0.0,0.0,2024-03-25 00:00:00-04:00,414.29422760009766,0.037591332840768654
169,2024-03-26 00:00:00-04:00,424.8436695491897,425.2229902287253,420.5913604440622,420.8908081054688,16725600,0.0,0.0,2024-03-26 00:00:00-04:00,415.0014511108399,0.034774671330039864
170,2024-03-27 00:00:00-04:00,423.6757938251776,423.685785568116,418.2555779073952,420.6712036132813,16705000,0.0,0.0,2024-03-27 00:00:00-04:00,415.6857162475586,0.0336259873003486
171,2024-03-28 00:00:00-04:00,420.2020520278936,421.1104172263285,418.3653686076167,419.9624938964844,21871200,0.0,0.0,2024-03-28 00:00:00-04:00,416.03907775878906,0.01711627825846329
172,2024-04-01 00:00:00-04:00,423.1866936886994,427.11960218803887,421.4597975729568,423.8055725097656,16316000,0.0,0.0,2024-04-01 00:00:00-04:00,416.4917617797852,0.02182914796193547
173,2024-04-02 00:00:00-04:00,419.35359094171736,421.61952337638894,417.087688969678,420.6812133789063,17912000,0.0,0.0,2024-04-02 00:00:00-04:00,416.81717376708986,0.01571382045769054
174,2024-04-03 00:00:00-04:00,418.9742883034954,422.4979313300988,418.3354259995997,419.6929931640625,16502300,0.0,0.0,2024-04-03 00:00:00-04:00,417.7055725097656,0.044207188017808985
175,2024-04-04 00:00:00-04:00,424.224808548658,427.8982059710221,416.8181850943987,417.1276245117188,19370900,0.0,0.0,2024-04-04 00:00:00-04:00,418.49365234375,0.03926988231869899
176,2024-04-05 00:00:00-04:00,419.2537866204478,425.74208344592967,417.566827008812,424.75384521484375,16544300,0.0,0.0,2024-04-05 00:00:00-04:00,419.31117553710936,0.04003508446290027
177,2024-04-08 00:00:00-04:00,424.4045037871678,426.51069015461326,422.5378450941109,423.8255310058594,14272400,0.0,0.0,2024-04-08 00:00:00-04:00,420.2280212402344,0.04522177268680605
178,2024-04-09 00:00:00-04:00,425.6721972649868,426.9698444300806,420.8608683634131,425.5124816894531,12512300,0.0,0.0,2024-04-09 00:00:00-04:00,421.3140625,0.053792159510922755
179,2024-04-10 00:00:00-04:00,421.4298440420882,423.2665274434743,418.9443370663881,422.4979248046875,16216600,0.0,0.0,2024-04-10 00:00:00-04:00,421.7123443603516,0.019215963256311364
180,2024-04-11 00:00:00-04:00,425.0533290053767,428.5969251337308,421.59953671611606,427.1595153808594,17966400,0.0,0.0,2024-04-11 00:00:00-04:00,422.3526885986328,0.030908177767833278
181,2024-04-12 00:00:00-04:00,423.2865037830765,424.4144741400455,419.0142109599744,421.140380859375,19232100,0.0,0.0,2024-04-12 00:00:00-04:00,422.1869873046875,-0.007807731116217909
182,2024-04-15 00:00:00-04:00,425.8319209089119,426.05152602160274,412.6856198397847,412.895263671875,20273500,0.0,0.0,2024-04-15 00:00:00-04:00,422.0482376098633,-0.006675950097362993
183,2024-04-16 00:00:00-04:00,413.82359584797024,417.6466867310135,412.9851118792706,413.8335571289063,16765600,0.0,0.0,2024-04-16 00:00:00-04:00,421.9114837646485,-0.006565729344084059
184,2024-04-17 00:00:00-04:00,416.4987431987719,418.1258132649175,409.5911892249672,411.0984802246094,15855500,0.0,0.0,2024-04-17 00:00:00-04:00,421.4338439941406,-0.02270953629164918
185,2024-04-18 00:00:00-04:00,409.8906791285515,411.1484202882313,403.2227135588384,403.5421142578125,21029900,0.0,0.0,2024-04-18 00:00:00-04:00,420.38773040771486,-0.04929099453161079
186,2024-04-19 00:00:00-04:00,403.3025611287424,404.7499626546947,397.0538222261972,398.4013977050781,30276500,0.0,0.0,2024-04-19 00:00:00-04:00,418.8779541015625,-0.07045203650401333
187,2024-04-22 00:00:00-04:00,399.3596471827562,402.1246793258712,395.03745670124425,400.2380676269531,20286900,0.0,0.0,2024-04-22 00:00:00-04:00,417.491455078125,-0.06479451116067658
188,2024-04-23 00:00:00-04:00,403.5121602129336,407.4650522060062,402.3342921020525,406.836181640625,15734500,0.0,0.0,2024-04-23 00:00:00-04:00,416.7283325195313,-0.03615849468684429
189,2024-04-24 00:00:00-04:00,408.82258607970806,411.72735028943725,406.0475926794115,408.323486328125,15065300,0.0,0.0,2024-04-24 00:00:00-04:00,416.099966430664,-0.029858864901118554
190,2024-04-25 00:00:00-04:00,393.32054400787314,399.1700088625431,387.3313470651067,398.321533203125,40586500,0.0,0.0,2024-04-25 00:00:00-04:00,414.98248291015625,-0.05312859596327901
191,2024-04-26 00:00:00-04:00,411.4279132786848,412.2564054842112,405.02945064216703,405.5884399414063,29694700,0.0,0.0,2024-04-26 00:00:00-04:00,414.2637802124024,-0.0342269944673228
192,2024-04-29 00:00:00-04:00,404.52035539531056,405.5884361925186,398.4712687423875,401.5257568359375,19582100,0.0,0.0,2024-04-29 00:00:00-04:00,413.14978942871096,-0.05257084172321669
193,2024-04-30 00:00:00-04:00,400.7671073742301,401.4359144425664,388.4693126899027,388.6289978027344,28781400,0.0,0.0,2024-04-30 00:00:00-04:00,411.5471786499023,-0.07619122165862591
194,2024-05-01 00:00:00-04:00,391.9030904630616,400.9967037344784,389.6072438016868,394.2289123535156,23562500,0.0,0.0,2024-05-01 00:00:00-04:00,410.273974609375,-0.06067311397927655
195,2024-05-02 00:00:00-04:00,396.94401914412265,399.20992105581087,393.9394288835304,397.1236877441406,17709400,0.0,0.0,2024-05-02 00:00:00-04:00,409.2737777709961,-0.047956394139549996
196,2024-05-03 00:00:00-04:00,401.55570709720826,406.4169339510819,401.1364498896016,405.9278259277344,17446700,0.0,0.0,2024-05-03 00:00:00-04:00,408.3324768066406,-0.044322186836441735
197,2024-05-06 00:00:00-04:00,408.024048156178,413.1847226485525,405.6383366660369,412.7954406738281,16996600,0.0,0.0,2024-05-06 00:00:00-04:00,407.7809722900391,-0.026025072878110178
198,2024-05-07 00:00:00-04:00,413.91342570011614,413.92341744357753,408.35344694069664,408.6029968261719,20018200,0.0,0.0,2024-05-07 00:00:00-04:00,406.935498046875,-0.0397391042353068
199,2024-05-08 00:00:00-04:00,407.4351142805277,411.48780192255407,405.9777210382224,409.80084228515625,11792300,0.0,0.0,2024-05-08 00:00:00-04:00,406.3006439208984,-0.030052413927005306
200,2024-05-09 00:00:00-04:00,409.8307875446534,411.97691043744567,408.363433019907,411.57763671875,14689700,0.0,0.0,2024-05-09 00:00:00-04:00,405.521549987793,-0.03647789198425422
201,2024-05-10 00:00:00-04:00,412.1965086797442,414.6321179246016,411.05854661467066,413.9932556152344,13402300,0.0,0.0,2024-05-10 00:00:00-04:00,405.164193725586,-0.01697088564520044
202,2024-05-13 00:00:00-04:00,417.2573820335048,417.5967662074119,410.0803252036988,412.97509765625,15440200,0.0,0.0,2024-05-13 00:00:00-04:00,405.1681854248047,0.00019335165936529286
203,2024-05-14 00:00:00-04:00,411.2781631216723,416.73831581889846,410.8090081198034,415.80999755859375,15109300,0.0,0.0,2024-05-14 00:00:00-04:00,405.2670074462891,0.004775930795461791
204,2024-05-15 00:00:00-04:00,417.8999938964844,423.80999755859375,417.2699890136719,423.0799865722656,22239500,0.75,0.0,2024-05-15 00:00:00-04:00,405.8660827636719,0.029145100077017982
205,2024-05-16 00:00:00-04:00,421.7999877929688,425.4200134277344,420.3500061035156,420.989990234375,17530100,0.0,0.0,2024-05-16 00:00:00-04:00,406.7384765625,0.04323681558900572
206,2024-05-17 00:00:00-04:00,422.5400085449219,422.9200134277344,418.0299987792969,420.2099914550781,15352200,0.0,0.0,2024-05-17 00:00:00-04:00,407.82890625,0.05474025411463068
207,2024-05-20 00:00:00-04:00,420.2099914550781,426.7699890136719,419.989990234375,425.3399963378906,16272100,0.0,0.0,2024-05-20 00:00:00-04:00,409.08400268554686,0.06271749426477369
208,2024-05-21 00:00:00-04:00,426.8299865722656,432.9700012207031,424.8500061035156,429.0400085449219,21453300,0.0,0.0,2024-05-21 00:00:00-04:00,410.1941940307617,0.05457682454583268
209,2024-05-22 00:00:00-04:00,430.0899963378906,432.4100036621094,427.1300048828125,430.5199890136719,18073700,0.0,0.0,2024-05-22 00:00:00-04:00,411.3040191650391,0.05436009298693634
210,2024-05-23 00:00:00-04:00,432.9700012207031,433.6000061035156,425.4200134277344,427.0,17211700,0.0,0.0,2024-05-23 00:00:00-04:00,412.7379425048828,0.0719982838142228
211,2024-05-24 00:00:00-04:00,427.1900024414063,431.05999755859375,424.4100036621094,430.1600036621094,11845800,0.0,0.0,2024-05-24 00:00:00-04:00,413.966520690918,0.060582505073992765
212,2024-05-28 00:00:00-04:00,429.6300048828125,430.8200073242188,426.6000061035156,430.3200073242188,15718000,0.0,0.0,2024-05-28 00:00:00-04:00,415.406233215332,0.07171208819873187
213,2024-05-29 00:00:00-04:00,425.6900024414063,430.9400024414063,425.6900024414063,429.1700134277344,15517100,0.0,0.0,2024-05-29 00:00:00-04:00,417.433283996582,0.10431804073863371
214,2024-05-30 00:00:00-04:00,424.2999877929688,424.2999877929688,414.239990234375,414.6700134277344,28424800,0.0,0.0,2024-05-30 00:00:00-04:00,418.455339050293,0.05185084207088453
215,2024-05-31 00:00:00-04:00,416.75,416.75,404.510009765625,415.1300048828125,47995300,0.0,0.0,2024-05-31 00:00:00-04:00,419.35565490722655,0.0453418360434672
216,2024-06-03 00:00:00-04:00,415.5299987792969,416.4299926757813,408.9200134277344,413.5199890136719,17484700,0.0,0.0,2024-06-03 00:00:00-04:00,419.7352630615234,0.018703233927326535
217,2024-06-04 00:00:00-04:00,412.4299926757813,416.4400024414063,409.6799926757813,416.0700073242188,14348900,0.0,0.0,2024-06-04 00:00:00-04:00,419.898991394043,0.007932661865270196
218,2024-06-05 00:00:00-04:00,417.80999755859375,424.0799865722656,416.2999877929688,424.010009765625,16988000,0.0,0.0,2024-06-05 00:00:00-04:00,420.6693420410156,0.03770655883370222
219,2024-06-06 00:00:00-04:00,424.010009765625,425.30999755859375,420.5799865722656,424.5199890136719,14861300,0.0,0.0,2024-06-06 00:00:00-04:00,421.4052993774414,0.03591780496701236
220,2024-06-07 00:00:00-04:00,426.2000122070313,426.2799987792969,423.0,423.8500061035156,13621700,0.0,0.0,2024-06-07 00:00:00-04:00,422.0189178466797,0.029817872230876175
221,2024-06-10 00:00:00-04:00,424.7000122070313,428.0799865722656,423.8900146484375,427.8699951171875,14003000,0.0,0.0,2024-06-10 00:00:00-04:00,422.71275482177737,0.03351924050388444
222,2024-06-11 00:00:00-04:00,425.4800109863281,432.8200073242188,425.25,432.6799926757813,14551100,0.0,0.0,2024-06-11 00:00:00-04:00,423.69799957275393,0.04771448722056637
223,2024-06-12 00:00:00-04:00,435.3200073242188,443.3999938964844,433.25,441.05999755859375,22366200,0.0,0.0,2024-06-12 00:00:00-04:00,424.9604995727539,0.060724850648743445
224,2024-06-13 00:00:00-04:00,440.8500061035156,443.3900146484375,439.3699951171875,441.5799865722656,15960600,0.0,0.0,2024-06-13 00:00:00-04:00,425.88549957275393,0.04372695610086508
225,2024-06-14 00:00:00-04:00,438.2799987792969,443.1400146484375,436.7200012207031,442.5700073242188,13582000,0.0,0.0,2024-06-14 00:00:00-04:00,426.9645004272461,0.05126016672707512
226,2024-06-17 00:00:00-04:00,442.5899963378906,450.9400024414063,440.7200012207031,448.3699951171875,20790000,0.0,0.0,2024-06-17 00:00:00-04:00,428.3725006103516,0.06701412206929813
227,2024-06-18 00:00:00-04:00,449.7099914550781,450.1400146484375,444.8900146484375,446.3399963378906,17112500,0.0,0.0,2024-06-18 00:00:00-04:00,429.4225006103516,0.0493722673174557
228,2024-06-20 00:00:00-04:00,446.2999877929688,446.5299987792969,441.2699890136719,445.7000122070313,19877400,0.0,0.0,2024-06-20 00:00:00-04:00,430.255500793457,0.038830886002010345
229,2024-06-21 00:00:00-04:00,447.3800048828125,450.5799865722656,446.510009765625,449.7799987792969,34486200,0.0,0.0,2024-06-21 00:00:00-04:00,431.2185012817383,0.04473662142784596
230,2024-06-24 00:00:00-04:00,449.7999877929688,452.75,446.4100036621094,447.6700134277344,15913700,0.0,0.0,2024-06-24 00:00:00-04:00,432.252001953125,0.04840752559188388
231,2024-06-25 00:00:00-04:00,448.25,451.4200134277344,446.75,450.9500122070313,16747500,0.0,0.0,2024-06-25 00:00:00-04:00,433.2915023803711,0.048330873088918036
232,2024-06-26 00:00:00-04:00,449.0,453.6000061035156,448.1900024414063,452.1600036621094,16507000,0.0,0.0,2024-06-26 00:00:00-04:00,434.3835021972656,0.050752918679506154
233,2024-06-27 00:00:00-04:00,452.1799926757813,456.1700134277344,451.7699890136719,452.8500061035156,14806300,0.0,0.0,2024-06-27 00:00:00-04:00,435.5675018310547,0.05517625168322393
234,2024-06-28 00:00:00-04:00,453.0700073242188,455.3800048828125,446.4100036621094,446.9500122070313,28362300,0.0,0.0,2024-06-28 00:00:00-04:00,437.1815017700195,0.07784502793550185
235,2024-07-01 00:00:00-04:00,448.6600036621094,457.3699951171875,445.6600036621094,456.7300109863281,17662800,0.0,0.0,2024-07-01 00:00:00-04:00,439.2615020751953,0.10020958642885613
236,2024-07-02 00:00:00-04:00,453.2000122070313,459.5899963378906,453.1099853515625,459.2799987792969,13979800,0.0,0.0,2024-07-02 00:00:00-04:00,441.54950256347655,0.11065972862586837
237,2024-07-03 00:00:00-04:00,458.1900024414063,461.0199890136719,457.8800048828125,460.7699890136719,9932800,0.0,0.0,2024-07-03 00:00:00-04:00,443.7845016479493,0.1074337993668959
238,2024-07-05 00:00:00-04:00,459.6099853515625,468.3500061035156,458.9700012207031,467.55999755859375,16000300,0.0,0.0,2024-07-05 00:00:00-04:00,445.9620010375976,0.1027098105939559
239,2024-07-08 00:00:00-04:00,466.5499877929688,467.7000122070313,464.4599914550781,466.239990234375,12962300,0.0,0.0,2024-07-08 00:00:00-04:00,448.0480010986328,0.09827570503248917
240,2024-07-09 00:00:00-04:00,467.0,467.3299865722656,458.0,459.5400085449219,17207200,0.0,0.0,2024-07-09 00:00:00-04:00,449.8325012207032,0.08420432211269047
241,2024-07-10 00:00:00-04:00,461.2200012207031,466.4599914550781,458.8599853515625,466.25,18196100,0.0,0.0,2024-07-10 00:00:00-04:00,451.7515014648437,0.08970015500222384
242,2024-07-11 00:00:00-04:00,462.9800109863281,464.7799987792969,451.5499877929688,454.7000122070313,23111200,0.0,0.0,2024-07-11 00:00:00-04:00,452.8525024414063,0.05089216026623666
243,2024-07-12 00:00:00-04:00,454.3299865722656,456.3599853515625,450.6499938964844,453.5499877929688,16324300,0.0,0.0,2024-07-12 00:00:00-04:00,453.477001953125,0.02831812067181594
244,2024-07-15 00:00:00-04:00,453.2999877929688,457.260009765625,451.4299926757813,453.9599914550781,14429400,0.0,0.0,2024-07-15 00:00:00-04:00,454.0960021972657,0.028035701932307866
245,2024-07-16 00:00:00-04:00,454.2200012207031,454.2999877929688,446.6600036621094,449.5199890136719,17175700,0.0,0.0,2024-07-16 00:00:00-04:00,454.4435012817383,0.015703688850206232
246,2024-07-17 00:00:00-04:00,442.5899963378906,444.8500061035156,439.1799926757813,443.5199890136719,21778000,0.0,0.0,2024-07-17 00:00:00-04:00,454.2010009765625,-0.010816972938271663
247,2024-07-18 00:00:00-04:00,444.3399963378906,444.6499938964844,434.3999938964844,440.3699951171875,20794800,0.0,0.0,2024-07-18 00:00:00-04:00,453.90250091552736,-0.013375456534671981
248,2024-07-19 00:00:00-04:00,433.1000061035156,441.1400146484375,432.0,437.1099853515625,20940400,0.0,0.0,2024-07-19 00:00:00-04:00,453.4729995727539,-0.019273113350238513
249,2024-07-22 00:00:00-04:00,441.7900085449219,444.6000061035156,438.9100036621094,442.9400024414063,15808800,0.0,0.0,2024-07-22 00:00:00-04:00,453.13099975585936,-0.015207426645147182
250,2024-07-23 00:00:00-04:00,443.8999938964844,448.3900146484375,443.1000061035156,444.8500061035156,13075000,0.0,0.0,2024-07-23 00:00:00-04:00,452.98999938964846,-0.006299299125769986
